Industry,Primary Use Cases,Video Analytics Applications,Industry Size (Global Market 2024)
Petroleum & Fuel Stations,"Uniform compliance, fuel quality, customer service, safety protocols","Attendant uniform check, customer interaction quality, fuel dispensing monitoring, spill detection",$3.2 trillion
Food & Beverage Manufacturing,"Hygiene compliance, contamination detection, equipment monitoring, worker safety","Hairnet/glove detection, temperature zone monitoring, equipment cleaning verification, foreign object detection",$8.9 trillion
Pharmaceutical Manufacturing,"PPE compliance, cleanroom protocols, equipment handling, GMP adherence","Gowning compliance, airlock procedures, equipment sterilization, batch tracking verification",$1.6 trillion
Automotive Assembly,"Assembly accuracy, PPE usage, equipment operation, workflow efficiency","Part placement verification, tool usage monitoring, worker posture analysis, line balancing",$3.5 trillion
Textile & Garment Manufacturing,"Worker safety, machine operation, quality control, production flow","Machine guard usage, fabric quality inspection, worker fatigue detection, production rate monitoring",$1.7 trillion
Electronics Manufacturing,"Assembly precision, ESD compliance, component handling, defect detection","Component placement accuracy, ESD wristband detection, solder joint inspection, assembly sequence verification",$2.9 trillion
Chemical Processing,"PPE compliance, valve/equipment monitoring, spill detection, hazard zones","Respirator/suit compliance, leak detection, valve position monitoring, restricted area access",$5.7 trillion
Steel & Metal Fabrication,"Safety gear compliance, equipment operation, material handling, heat exposure","Helmet/gloves detection, heat zone monitoring, material stacking safety, equipment maintenance verification",$2.1 trillion
Warehouse & Logistics,"Loading efficiency, PPE compliance, forklift safety, inventory tracking","Forklift speed monitoring, loading pattern analysis, dock door status, worker path safety",$6.5 trillion
Retail Stores,"Uniform compliance, customer service, theft detection, checkout efficiency","Staff uniform compliance, customer queue analysis, suspicious behavior detection, inventory shelf monitoring",$28.3 trillion
